{"cameraMode":{"drawMode":0,"name":"Shaded","section":"Shading Mode"},"sceneLighting":true,"audioPlay":false,"sceneViewState":{"showFog":true,"showMaterialUpdate":true,"showSkybox":true,"showFlares":true,"showImageEffects":true,"showParticleSystems":true},"in2DMode":false,"pivot":{"x":50.7513427734375,"y":16.510000228881837,"z":-13.401817321777344},"rotation":{"x":0.06215780973434448,"y":0.07923369854688645,"z":-0.005025975871831179,"w":0.9949721693992615},"size":80.91822052001953,"orthographic":false}