{"cameraMode":{"drawMode":0,"name":"Shaded","section":"Shading Mode"},"sceneLighting":true,"audioPlay":false,"sceneViewState":{"showFog":true,"showMaterialUpdate":true,"showSkybox":true,"showFlares":true,"showImageEffects":true,"showParticleSystems":true},"in2DMode":false,"pivot":{"x":-5.701444625854492,"y":40.190093994140628,"z":175.67526245117188},"rotation":{"x":-0.20007827877998353,"y":0.7023400068283081,"z":-0.21673138439655305,"w":-0.6479593515396118},"size":259.8734130859375,"orthographic":false}