{"cameraMode":{"drawMode":0,"name":"Shaded","section":"Shading Mode"},"sceneLighting":true,"audioPlay":false,"sceneViewState":{"showFog":true,"showMaterialUpdate":false,"showSkybox":true,"showFlares":true,"showImageEffects":true,"showParticleSystems":true},"in2DMode":false,"pivot":{"x":-21.525482177734376,"y":-9.598928451538086,"z":-0.2837095260620117},"rotation":{"x":0.20407545566558839,"y":-0.3940184414386749,"z":0.09017544239759445,"w":0.8916325569152832},"size":53.090049743652347,"orthographic":false}