{"cameraMode":{"drawMode":0,"name":"Shaded","section":"Shading Mode"},"sceneLighting":true,"audioPlay":false,"sceneViewState":{"showFog":true,"showMaterialUpdate":true,"showSkybox":true,"showFlares":true,"showImageEffects":true,"showParticleSystems":true},"in2DMode":false,"pivot":{"x":1.3565988540649415,"y":0.2619752883911133,"z":-19.26983070373535},"rotation":{"x":0.28918156027793887,"y":0.012922483496367932,"z":-0.003904447192326188,"w":0.9571823477745056},"size":17.786508560180665,"orthographic":false}