{"cameraMode":{"drawMode":0,"name":"Shaded","section":"Shading Mode"},"sceneLighting":true,"audioPlay":false,"sceneViewState":{"showFog":true,"showMaterialUpdate":true,"showSkybox":true,"showFlares":true,"showImageEffects":true,"showParticleSystems":true},"in2DMode":false,"pivot":{"x":-1.12885582447052,"y":4.4482421875,"z":0.13221515715122224},"rotation":{"x":0.034793056547641757,"y":0.9632099866867065,"z":-0.21741658449172975,"w":0.15415330231189729},"size":19.312759399414064,"orthographic":false}