{"cameraMode":{"drawMode":0,"name":"Shaded","section":"Shading Mode"},"sceneLighting":true,"audioPlay":false,"sceneViewState":{"showFog":true,"showMaterialUpdate":false,"showSkybox":true,"showFlares":true,"showImageEffects":true,"showParticleSystems":true},"in2DMode":false,"pivot":{"x":-27.275510787963868,"y":10.322776794433594,"z":10.600271224975586},"rotation":{"x":0.28258010745048525,"y":0.13610878586769105,"z":-0.04054217040538788,"w":0.9486750364303589},"size":21.989116668701173,"orthographic":false}