{"cameraMode":{"drawMode":0,"name":"Shaded","section":"Shading Mode"},"sceneLighting":true,"audioPlay":false,"sceneViewState":{"showFog":true,"showMaterialUpdate":true,"showSkybox":true,"showFlares":true,"showImageEffects":true,"showParticleSystems":true},"in2DMode":false,"pivot":{"x":6.637451171875,"y":57.75627899169922,"z":173.9484100341797},"rotation":{"x":-0.18259550631046296,"y":-0.4881690740585327,"z":0.10537238419055939,"w":-0.8469881415367127},"size":206.43280029296876,"orthographic":false}