{"cameraMode":{"drawMode":0,"name":"Shaded","section":"Shading Mode"},"sceneLighting":true,"audioPlay":false,"sceneViewState":{"showFog":true,"showMaterialUpdate":true,"showSkybox":true,"showFlares":true,"showImageEffects":true,"showParticleSystems":true},"in2DMode":false,"pivot":{"x":-1.1356744766235352,"y":12.609502792358399,"z":-4.412827491760254},"rotation":{"x":0.14799033105373383,"y":0.5590795278549194,"z":-0.10232926905155182,"w":0.8094328045845032},"size":19.00318717956543,"orthographic":false}