{"cameraMode":{"drawMode":0,"name":"Shaded","section":"Shading Mode"},"sceneLighting":true,"audioPlay":false,"sceneViewState":{"showFog":true,"showMaterialUpdate":false,"showSkybox":true,"showFlares":true,"showImageEffects":true,"showParticleSystems":true},"in2DMode":false,"pivot":{"x":-3.3730721473693849,"y":11.31307601928711,"z":5.349576950073242},"rotation":{"x":-0.25254523754119875,"y":0.0005775445606559515,"z":-0.0001507615379523486,"w":-0.9675857424736023},"size":24.32801628112793,"orthographic":false}