{
    "name": "root",
    "gauges": {
        "MyBehavior.Policy.Entropy.mean": {
            "value": 1.3893054723739624,
            "min": 1.3893054723739624,
            "max": 1.4162609577178955,
            "count": 10
        },
        "MyBehavior.Environment.EpisodeLength.mean": {
            "value": 27.03979820627803,
            "min": 18.24240092343209,
            "max": 27.03979820627803,
            "count": 10
        },
        "MyBehavior.Policy.ExtrinsicValueEstimate.mean": {
            "value": 0.5607731938362122,
            "min": -5.005176544189453,
            "max": 0.5607731938362122,
            "count": 10
        },
        "MyBehavior.Environment.CumulativeReward.mean": {
            "value": 1.7039236598752538,
            "min": 0.8240569763407513,
            "max": 1.7039236598752538,
            "count": 10
        },
        "MyBehavior.Policy.ExtrinsicReward.mean": {
            "value": 1.7039236598752538,
            "min": 0.8240569763407513,
            "max": 1.7039236598752538,
            "count": 10
        },
        "MyBehavior.Losses.PolicyLoss.mean": {
            "value": 0.024932118828097975,
            "min": 0.022377086907314755,
            "max": 0.02673672522883862,
            "count": 10
        },
        "MyBehavior.Losses.ValueLoss.mean": {
            "value": 0.29163752863804493,
            "min": 0.1919701307018598,
            "max": 27.012196314334865,
            "count": 10
        },
        "MyBehavior.Policy.LearningRate.mean": {
            "value": 1.6863694378799994e-05,
            "min": 1.6863694378799994e-05,
            "max": 0.0002846364051212,
            "count": 10
        },
        "MyBehavior.Policy.Epsilon.mean": {
            "value": 0.10562120000000001,
            "min": 0.10562120000000001,
            "max": 0.19487880000000002,
            "count": 10
        },
        "MyBehavior.Policy.Beta.mean": {
            "value": 0.00029049788000000003,
            "min": 0.00029049788000000003,
            "max": 0.00474445212,
            "count": 10
        },
        "MyBehavior.IsTraining.mean": {
            "value": 1.0,
            "min": 1.0,
            "max": 1.0,
            "count": 10
        }
    },
    "metadata": {
        "timer_format_version": "0.1.0",
        "start_time_seconds": "1608291291",
        "python_version": "3.8.6 (tags/v3.8.6:db45529, Sep 23 2020, 15:52:53) [MSC v.1927 64 bit (AMD64)]",
        "command_line_arguments": "C:\\Users\\vs743\\AppData\\Local\\Programs\\Python\\Python38\\Scripts\\mlagents-learn --run-id=BallBalancingAI1",
        "mlagents_version": "0.22.0",
        "mlagents_envs_version": "0.22.0",
        "communication_protocol_version": "1.2.0",
        "pytorch_version": "1.7.0+cu110",
        "numpy_version": "1.19.4",
        "end_time_seconds": "1608292085"
    },
    "total": 794.152566,
    "count": 1,
    "self": 0.214103800000089,
    "children": {
        "run_training.setup": {
            "total": 0.011075100000000004,
            "count": 1,
            "self": 0.011075100000000004
        },
        "TrainerController.start_learning": {
            "total": 793.9273870999999,
            "count": 1,
            "self": 1.3184553999980153,
            "children": {
                "TrainerController._reset_env": {
                    "total": 8.3863573,
                    "count": 1,
                    "self": 8.3863573
                },
                "TrainerController.advance": {
                    "total": 784.157055600002,
                    "count": 49779,
                    "self": 0.6104831000101285,
                    "children": {
                        "env_step": {
                            "total": 783.5465724999918,
                            "count": 49779,
                            "self": 697.4101798999735,
                            "children": {
                                "SubprocessEnvManager._take_step": {
                                    "total": 85.42420600000736,
                                    "count": 49779,
                                    "self": 2.610299900013075,
                                    "children": {
                                        "TorchPolicy.evaluate": {
                                            "total": 82.81390609999428,
                                            "count": 33355,
                                            "self": 6.503547799993825,
                                            "children": {
                                                "TorchPolicy.sample_actions": {
                                                    "total": 76.31035830000046,
                                                    "count": 33355,
                                                    "self": 76.31035830000046
                                                }
                                            }
                                        }
                                    }
                                },
                                "workers": {
                                    "total": 0.7121866000109947,
                                    "count": 49779,
                                    "self": 0.0,
                                    "children": {
                                        "worker_root": {
                                            "total": 783.7175748000029,
                                            "count": 49779,
                                            "is_parallel": true,
                                            "self": 171.06090340000185,
                                            "children": {
                                                "steps_from_proto": {
                                                    "total": 0.0003886999999984653,
                                                    "count": 1,
                                                    "is_parallel": true,
                                                    "self": 0.00010849999999962279,
                                                    "children": {
                                                        "_process_vector_observation": {
                                                            "total": 0.0002801999999988425,
                                                            "count": 2,
                                                            "is_parallel": true,
                                                            "self": 0.0002801999999988425
                                                        }
                                                    }
                                                },
                                                "UnityEnvironment.step": {
                                                    "total": 612.656282700001,
                                                    "count": 49779,
                                                    "is_parallel": true,
                                                    "self": 4.788740999990523,
                                                    "children": {
                                                        "UnityEnvironment._generate_step_input": {
                                                            "total": 22.54514640001089,
                                                            "count": 49779,
                                                            "is_parallel": true,
                                                            "self": 22.54514640001089
                                                        },
                                                        "communicator.exchange": {
                                                            "total": 565.7564660000043,
                                                            "count": 49779,
                                                            "is_parallel": true,