{
    "name": "root",
    "gauges": {
        "BallFondler.Policy.Entropy.mean": {
            "value": 0.7681492567062378,
            "min": 0.7681492567062378,
            "max": 1.4187597036361694,
            "count": 564
        },
        "BallFondler.Environment.EpisodeLength.mean": {
            "value": 9162.0,
            "min": 4.225946887244231,
            "max": 88898.0,
            "count": 413
        },
        "BallFondler.Policy.ExtrinsicValueEstimate.mean": {
            "value": 9.988240242004395,
            "min": -0.3631995618343353,
            "max": 10.016669273376465,
            "count": 564
        },
        "BallFondler.Environment.CumulativeReward.mean": {
            "value": 915.2001396417618,
            "min": -0.577385612614534,
            "max": 8888.801361083984,
            "count": 409
        },
        "BallFondler.Policy.ExtrinsicReward.mean": {
            "value": 915.2001396417618,
            "min": -0.577385612614534,
            "max": 8888.801361083984,
            "count": 409
        },
        "BallFondler.Losses.PolicyLoss.mean": {
            "value": 0.02865611418771247,
            "min": 0.013238115259446204,
            "max": 0.034922151391704875,
            "count": 564
        },
        "BallFondler.Losses.ValueLoss.mean": {
            "value": 0.0009347152469369272,
            "min": 0.0006756779873588433,
            "max": 1.9585064093271891,
            "count": 564
        },
        "BallFondler.Policy.LearningRate.mean": {
            "value": 9.701878736229869e-05,
            "min": 9.701878736229869e-05,
            "max": 0.0002996927100717011,
            "count": 564
        },
        "BallFondler.Policy.Epsilon.mean": {
            "value": 0.1323395732339573,
            "min": 0.1323395732339573,
            "max": 0.19989756998975697,
            "count": 564
        },
        "BallFondler.Policy.Beta.mean": {
            "value": 0.001623744704374471,
            "min": 0.001623744704374471,
            "max": 0.004994888742488875,
            "count": 564
        },
        "BallFondler.IsTraining.mean": {
            "value": 1.0,
            "min": 1.0,
            "max": 1.0,
            "count": 564
        }
    },
    "metadata": {
        "timer_format_version": "0.1.0",
        "start_time_seconds": "1608387669",
        "python_version": "3.8.6 (tags/v3.8.6:db45529, Sep 23 2020, 15:52:53) [MSC v.1927 64 bit (AMD64)]",
        "command_line_arguments": "C:\\Users\\vs743\\AppData\\Local\\Programs\\Python\\Python38\\Scripts\\mlagents-learn trainer_config.yaml --run-id=SphereBallBalancingAI",
        "mlagents_version": "0.22.0",
        "mlagents_envs_version": "0.22.0",
        "communication_protocol_version": "1.2.0",
        "pytorch_version": "1.7.0+cu110",
        "numpy_version": "1.19.4",
        "end_time_seconds": "1608400162"
    },
    "total": 12492.7984404,
    "count": 1,
    "self": 0.19487149999986286,
    "children": {
        "run_training.setup": {
            "total": 0.16763390000000022,
            "count": 1,
            "self": 0.16763390000000022
        },
        "TrainerController.start_learning": {
            "total": 12492.435935,
            "count": 1,
            "self": 21.41983160097334,
            "children": {
                "TrainerController._reset_env": {
                    "total": 8.9608209,
                    "count": 1,
                    "self": 8.9608209
                },
                "TrainerController.advance": {
                    "total": 12461.981868099027,
                    "count": 805085,
                    "self": 9.604097698946134,
                    "children": {
                        "env_step": {
                            "total": 12452.37777040008,
                            "count": 805085,
                            "self": 10765.338663499553,
                            "children": {
                                "SubprocessEnvManager._take_step": {
                                    "total": 1675.9103901997244,
                                    "count": 805085,
                                    "self": 50.503523098808046,
                                    "children": {
                                        "TorchPolicy.evaluate": {
                                            "total": 1625.4068671009163,
                                            "count": 752846,
                                            "self": 142.98847930118927,
                                            "children": {
                                                "TorchPolicy.sample_actions": {
                                                    "total": 1482.418387799727,
                                                    "count": 752846,
                                                    "self": 1482.418387799727
                                                }
                                            }
                                        }
                                    }
                                },
                                "workers": {
                                    "total": 11.12871670080213,
                                    "count": 805084,
                                    "self": 0.0,
                                    "children": {
                                        "worker_root": {
                                            "total": 12457.3750366997,
                                            "count": 805084,
                                            "is_parallel": true,
                                            "self": 2755.0902382002114,
                                            "children": {
                                                "steps_from_proto": {
                                                    "total": 0.00032790000000026964,
                                                    "count": 1,
                                                    "is_parallel": true,
                                                    "self": 8.549999999907243e-05,
                                                    "children": {
                                                        "_process_vector_observation": {
                                                            "total": 0.0002424000000011972,
                                                            "count": 2,
                                                            "is_parallel": true,
                                                            "self": 0.0002424000000011972
                                                        }
                                                    }
                                                },
                                                "UnityEnvironment.step": {
                                                    "total": 9702.284470599488,
                                                    "count": 805084,
                                                    "is_parallel": true,
                                                    "self": 65.40149579981153,
                                                    "children": {
                                                        "UnityEnvironment._generate_step_input": {
                                                            "total": 309.8269475000616,
                                                            "count": 805084,
                                                            "is_parallel": true,
                                                            "self": 309.8269475000616
                                                        },
                                                        "communicator.exchange": {
                                                            "total": 9071.760801600196,
                                                            "count": 805084,