{
    "name": "root",
    "gauges": {
        "MyBehavior.Policy.Entropy.mean": {
            "value": 1.158323884010315,
            "min": 1.158323884010315,
            "max": 1.242662787437439,
            "count": 83
        },
        "MyBehavior.Environment.EpisodeLength.mean": {
            "value": 783.8,
            "min": 114.82692307692308,
            "max": 1140.1304347826087,
            "count": 83
        },
        "MyBehavior.Policy.ExtrinsicValueEstimate.mean": {
            "value": 7.521064281463623,
            "min": 4.128258228302002,
            "max": 8.381309509277344,
            "count": 83
        },
        "MyBehavior.Environment.CumulativeReward.mean": {
            "value": 75.67501188317935,
            "min": 10.400001460543045,
            "max": 113.01306040908979,
            "count": 83
        },
        "MyBehavior.Policy.ExtrinsicReward.mean": {
            "value": 75.67501188317935,
            "min": 10.400001460543045,
            "max": 113.01306040908979,
            "count": 83
        },
        "MyBehavior.Losses.PolicyLoss.mean": {
            "value": 0.02508096444653347,
            "min": 0.014970922012192507,
            "max": 0.03186026740198334,
            "count": 83
        },
        "MyBehavior.Losses.ValueLoss.mean": {
            "value": 0.8036108692487081,
            "min": 0.4406591335932414,
            "max": 2.5950032075246177,
            "count": 83
        },
        "MyBehavior.Policy.LearningRate.mean": {
            "value": 3.9997026664026525e-06,
            "min": 3.9997026664026525e-06,
            "max": 0.00029686919791279786,
            "count": 83
        },
        "MyBehavior.Policy.Epsilon.mean": {
            "value": 0.1013332013332013,
            "min": 0.1013332013332013,
            "max": 0.19895639895639905,
            "count": 83
        },
        "MyBehavior.Policy.Beta.mean": {
            "value": 7.652674652674626e-05,
            "min": 7.652674652674626e-05,
            "max": 0.004947924307924309,
            "count": 83
        },
        "MyBehavior.IsTraining.mean": {
            "value": 1.0,
            "min": 1.0,
            "max": 1.0,
            "count": 83
        }
    },
    "metadata": {
        "timer_format_version": "0.1.0",
        "start_time_seconds": "1608315398",
        "python_version": "3.8.6 (tags/v3.8.6:db45529, Sep 23 2020, 15:52:53) [MSC v.1927 64 bit (AMD64)]",
        "command_line_arguments": "C:\\Users\\vs743\\AppData\\Local\\Programs\\Python\\Python38\\Scripts\\mlagents-learn trainer_config.yaml --run-id=BallBalancingAI6 --initialize-from=BallBalancingAI5",
        "mlagents_version": "0.22.0",
        "mlagents_envs_version": "0.22.0",
        "communication_protocol_version": "1.2.0",
        "pytorch_version": "1.7.0+cu110",
        "numpy_version": "1.19.4",
        "end_time_seconds": "1608317385"
    },
    "total": 1987.9559419,
    "count": 1,
    "self": 0.21184949999997116,
    "children": {
        "run_training.setup": {
            "total": 0.010614899999999983,
            "count": 1,
            "self": 0.010614899999999983
        },
        "TrainerController.start_learning": {
            "total": 1987.7334775,
            "count": 1,
            "self": 2.7365693999622636,
            "children": {
                "TrainerController._reset_env": {
                    "total": 9.437856499999999,
                    "count": 1,
                    "self": 9.437856499999999
                },
                "TrainerController.advance": {
                    "total": 1975.5042429000378,
                    "count": 114874,
                    "self": 1.2915197000302214,
                    "children": {
                        "env_step": {
                            "total": 1974.2127232000075,
                            "count": 114874,
                            "self": 1743.3020432000105,
                            "children": {
                                "SubprocessEnvManager._take_step": {
                                    "total": 229.39971770000966,
                                    "count": 114874,
                                    "self": 6.987843400001452,
                                    "children": {
                                        "TorchPolicy.evaluate": {
                                            "total": 222.4118743000082,
                                            "count": 111688,
                                            "self": 18.997345500034555,
                                            "children": {
                                                "TorchPolicy.sample_actions": {
                                                    "total": 203.41452879997365,
                                                    "count": 111688,
                                                    "self": 203.41452879997365
                                                }
                                            }
                                        }
                                    }
                                },
                                "workers": {
                                    "total": 1.5109622999873746,
                                    "count": 114874,
                                    "self": 0.0,
                                    "children": {
                                        "worker_root": {
                                            "total": 1974.5744780999962,
                                            "count": 114874,
                                            "is_parallel": true,
                                            "self": 366.89305880002075,
                                            "children": {
                                                "steps_from_proto": {
                                                    "total": 0.00033569999999905065,
                                                    "count": 1,
                                                    "is_parallel": true,
                                                    "self": 8.669999999888489e-05,
                                                    "children": {
                                                        "_process_vector_observation": {
                                                            "total": 0.00024900000000016576,
                                                            "count": 2,
                                                            "is_parallel": true,
                                                            "self": 0.00024900000000016576
                                                        }
                                                    }
                                                },
                                                "UnityEnvironment.step": {
                                                    "total": 1607.6810835999754,
                                                    "count": 114874,
                                                    "is_parallel": true,
                                                    "self": 9.065387200010036,
                                                    "children": {
                                                        "UnityEnvironment._generate_step_input": {
                                                            "total": 42.9883585999709,
                                                            "count": 114874,
                                                            "is_parallel": true,
                                                            "self": 42.9883585999709
                                                        },
                                                        "communicator.exchange": {
                                                            "total": 1519.7416164000144,
                                                            "count": 114874,